timestamp,open,high,low,close,volume,sma20,std20,upper_band,lower_band,rsi14,high_3h,low_3h,atr20,atr20_median_all,atr20_roll_med180
2026-10-09 18:00:00,82653.9,82720.7,82400.0,82561.0,131.96128506,81963.195,582.6097199234088,83128.41443984682,80797.9755601532,70.38299253489168,82748.8,82487.8,287.9999999999979,265.8417857142858,393.8892857142839
2026-10-09 19:00:00,82558.8,83530.1,82454.8,83241.4,567.58160189,82073.7,605.6923076654172,83285.08461533084,80862.31538466916,81.4895542029941,82748.8,82400.0,350.6857142857126,265.8500000000001,393.16071428571274
2026-10-09 20:00:00,83241.4,83423.2,82925.6,83031.9,345.94953768,82177.635,581.1502915152422,83339.93558303048,81015.3344169695,73.10170459179528,83530.1,82400.0,367.14999999999833,265.85357142857094,393.09999999999957
2026-10-09 21:00:00,83032.0,83172.7,82497.9,82625.4,332.35625839,82271.29000000001,481.7984956465004,83234.88699129301,81307.693008707,65.90925803367892,83530.1,82400.0,398.2285714285702,265.8571428571418,393.09999999999957
2026-10-09 22:00:00,82625.5,83307.7,82455.7,83039.7,435.81562577,82347.94499999999,475.6518723227111,83299.24874464542,81396.64125535457,69.96923076923072,83530.1,82454.8,444.1714285714282,265.8571428571423,393.09999999999957
2026-10-09 23:00:00,83038.7,83089.9,82815.9,82872.4,152.11874446,82402.62,469.6080724076566,83341.83614481532,81463.40385518468,64.49310624493106,83423.2,82455.7,436.02142857142775,265.85714285714283,393.09999999999957
2026-10-10 00:00:00,82871.1,83014.0,82707.4,82742.6,159.98729587,82449.37999999999,453.5052191273152,83356.39043825462,81542.36956174536,60.1633423356004,83307.7,82455.7,425.4357142857137,265.85714285714283,393.09999999999957
2026-10-10 01:00:00,82742.7,82791.7,82520.5,82716.8,167.53085216,82499.72,421.88930025596653,83343.49860051193,81655.94139948807,55.31047796089098,83307.7,82455.7,417.62142857142834,265.85714285714283,393.09999999999957
2026-10-10 02:00:00,82716.9,82738.0,82321.1,82444.2,123.43287399,82526.985,397.9586890249776,83322.90237804996,81731.06762195005,53.490060501296355,83089.9,82520.5,425.48571428571347,265.85714285714283,393.09999999999957
2026-10-10 03:00:00,82444.3,82574.1,82277.2,82328.6,117.70535131,82555.41500000001,358.65072917660456,83272.71645835321,81838.1135416468,49.52144017138321,83014.0,82321.1,419.0785714285708,265.85714285714283,393.09999999999957
2026-10-10 04:00:00,82330.4,82528.5,82310.8,82507.7,58.10909899,82590.47,312.9614337884528,83216.39286757691,81964.54713242309,48.88919987405101,82791.7,82277.2,412.7928571428565,265.85714285714283,393.09999999999957
2026-10-10 05:00:00,82507.7,82595.2,82496.7,82569.0,41.67047349,82619.975,278.1503301643091,83176.27566032863,82063.67433967139,48.325138834848474,82738.0,82277.2,407.25714285714224,265.85714285714283,393.09999999999957
